Nombre,Direccion
Judith Hayes,"42896 Matthew Circle
Cooperville, NC 61590"
Tyrone Bell,"6909 Johnson Road Apt. 443
North Robert, AR 38119"
Victoria Jordan,"PSC 7653, Box 7030
APO AE 45566"
Peter Ferguson,"74376 Alexis Court
West Eugeneside, AR 78007"
Michael Kramer,"65548 Sara Extensions Suite 805
Lake Williamstad, VI 28528"
Tracy Ramsey,"992 Dustin Spurs Apt. 537
Rebeccaville, CA 34196"
Brandon Silva,"599 Kevin Spring
Baileyfort, AR 75753"
Melissa Anderson,"86095 George Creek Suite 551
New Robyn, TX 72500"
Micheal Thomas,"77637 Banks Cape
West Tyrone, FM 69109"
Michael Spears,"041 Mary Squares
South Robert, AR 44097"
Peter George,"820 Brown Crossroad
Vickiefort, DE 96701"
James Brown,"53349 Tiffany Prairie
Warrenview, NV 36057"
Dr. Hannah Hutchinson,"85601 Robertson Forges Suite 581
Maxwellville, IN 07022"
Nancy Mitchell,"9141 Joel Mountains
New Shawn, ND 21700"
Amanda Oliver,"6721 Jessica Divide Apt. 345
Cookville, MT 38833"
Kenneth Schmidt,"190 Kristina Union Apt. 617
North Karentown, MH 69352"
Connor Smith,"5791 Zachary Lock Suite 333
Carrilloborough, WA 67669"
Michelle Mcmahon,"76082 Wagner Skyway
South Sydney, RI 21087"
Amy Ayers,"017 Joshua Crest Apt. 314
Lisastad, MI 53736"
Kathy Morrison,"720 Cooper Roads Suite 207
Moorehaven, MT 36268"
Joseph Ramirez,"754 Gina Curve
Martinberg, ME 37177"
Brandon Spears,"8710 Martinez Roads Apt. 546
Jeremyshire, ID 49052"
Rodney Hughes,"58210 Lori Springs
South Allen, MH 65705"
Michael Chapman,"4675 Young Flat Suite 932
South Arthurbury, IA 86464"
Brandi Hamilton,"14239 Roberts Road
Lindastad, AK 59935"
Joseph Palmer,"741 Wilson Ports
West Samanthaton, NM 11028"
Rachel Smith,"3942 Mccarthy Loaf
New Charles, TN 23696"
Evan Johnson,"40207 Andrew Mission Apt. 798
Murphyborough, PW 85345"
April Smith,"857 Walker Path
North Christopher, OH 82800"
Dylan Henderson,"95182 Newman Vista
Port Kristinburgh, NE 72085"
Chad Wilson,"72636 Ronald Burgs
North Donald, WY 67568"
James Marshall,"119 Hernandez Ways Apt. 074
Roseview, KY 66688"
Edward Miller,"2995 James Field Suite 967
New Mark, NH 29604"
Michael Taylor,"71766 Carson Fields
Leahside, CO 21081"
Joshua Roberson,"414 Hampton Forges
Shawstad, IL 81566"
Dennis Davis,"3206 Davis Mission
Johnbury, PW 11662"
Dennis Collins,"256 Kirk Row
Jessicaland, TX 21883"
Anne Cervantes,"3065 Darryl Plains Suite 090
East Kelseybury, IL 71301"
Ricky Garcia,"274 Jennifer Ridges
West Christinaton, DE 28729"
Stephen Walker,"40265 Davis Run Suite 565
Port Gene, NM 45532"
Jeremy Taylor,"92740 Wagner Burgs
Wrightton, OH 48180"
Joshua Edwards,"Unit 3203 Box 7444
DPO AP 33951"
Amber Phillips,"3286 Stephanie Gateway
South Robertton, VI 20483"
Eric Roberts,"92880 Porter Islands Apt. 931
Port Tonya, MP 40715"
Eric Logan,"9542 Nelson Ports Apt. 645
Henryside, VI 57875"
Christine Marsh,"3574 Noah Shoals Suite 657
East Beverly, AK 34161"
Chris Dean,"5932 Wilson Row
Darleneville, RI 60990"
Alex Martin,"1238 Debra Forges
New Lauren, MT 10926"
Lisa Herrera,"60121 Marissa Street Suite 355
Port Johnburgh, NM 75777"
Sarah Peters,"552 John Glens Apt. 057
Tanyashire, CT 91320"
Craig Gonzales,"9830 Eric River
West Lori, ND 95313"
David Lester,"3005 Ricky Keys
Lake Ginaland, AL 90157"
Justin Hammond,"27536 Angelica Club
North Benjamintown, PR 60073"
Steven Abbott,"463 Johnson Corners
West Victoriaburgh, WV 53299"
Andrew Ramirez,"PSC 9403, Box 4372
APO AP 44480"
Charles Long,"360 Becky Square Apt. 723
East Albertland, VA 21370"
Kaitlyn Hoffman,"59237 Morgan Falls
Davidview, FM 40045"
Robert Walker,"38249 Whitney Square
Lake Gregoryside, VT 19444"
Christopher Mcdonald,"7466 Maureen Track
Robinsonborough, MT 47182"
Crystal Miller,"7598 Wood Courts Apt. 800
Sarahton, GU 95825"
Aaron Holder,"7048 Rhodes Bypass
Farleyton, OR 52266"
Scott Lawson,"8188 Michelle Lights
Lake Amyview, NM 35299"
Natalie Hayes,"USNV Hamilton
FPO AA 25032"
Linda Davis,"97341 Goodman Garden Apt. 871
Lake Michelle, SC 82171"
Walter Brown,"8778 Williams Street
Hillland, RI 40088"
Samuel Wright,"56751 Allison Summit Suite 887
Lake Donaldborough, NY 97032"
Mr. Ronnie Torres,"99465 Connor Spurs
East Ashley, CO 31702"
David Hall,"979 Thompson Motorway
Dylanside, AL 53818"
Jason Collins,"48868 Wang Inlet Suite 908
Lake Markton, OH 46111"
Jason Davis,"80326 Rebecca Springs Apt. 143
Nguyenfurt, MS 95430"
David Savage,"1014 Hunt Camp Apt. 358
West Loriport, WA 70072"
Kyle Singleton,"6058 Vanessa Bypass
Martinmouth, DC 57968"
Mrs. Karen Long,"306 Leah Via
North Julie, HI 52994"
Jeffrey Davis,"USCGC Hampton
FPO AA 99125"
Nancy Williams,"95487 Carla Crest
Lake Sheilaside, UT 69927"
Kim Allen,"711 Ross Field Apt. 081
Johnsonview, LA 72783"
Alex Williams,"5494 Sullivan Crossroad
Port Jerry, NH 51341"
Susan Schmidt,"Unit 2023 Box 0710
DPO AP 31785"
Laura Stuart,"017 Ramirez Viaduct
Angieberg, AZ 61891"
Heather Harris,"82898 White Grove
East Kaylamouth, MA 69703"
Kelly Vargas,"897 Hogan Estate
West Jasonburgh, VI 25146"
Katherine Brown,"476 Wright Landing
East Annachester, AL 84855"
Alicia Baldwin,"371 Beth Cove
Smithchester, UT 23956"
Noah Chandler,"704 Carr Glens Apt. 857
North Benjaminshire, CO 06341"
Jason Anderson,"748 Ramirez Lodge
Brianaview, AR 30632"
Mia Oconnell,"9148 Saunders Ridge
Perezfort, NE 57355"
Melissa Salinas,"15939 Brittany Mountains
Christopherchester, CA 20089"
Helen Blackburn,"67030 Michelle Tunnel
Jamesbury, VA 63708"
Kelsey Ford,"115 Rebecca Mill
Port Kim, SC 81386"
Rebecca Lopez,"5381 Tammy Club Apt. 939
New Michael, TX 76350"
Eric Booth,"40963 Raymond Stravenue
Carrieton, TN 36868"
Michael Reed,"990 Bethany Lane
Williamsside, GU 94579"
Jason Williams,"7075 Lori Parkway Apt. 505
Jillton, ME 13562"
Richard Williams,"794 Taylor Throughway
Gloverfort, NH 25286"
Michelle Thomas,"173 Lopez Turnpike Apt. 115
Ericaton, KY 60015"
Joshua Rowe,"USCGC Blevins
FPO AP 18463"
Warren Yang,"78887 Ashley Corner Suite 505
East Lawrence, VA 22065"
Anna Brock,"Unit 5950 Box 1928
DPO AA 48473"
Jeffrey Newman,"3838 Cory Motorway
Roblesburgh, VI 21882"
Ruben Stanley,"3007 Richard Manors Apt. 161
North Jenniferberg, UT 51226"
